iteration,loss,mean_rel_error,max_residual
1,71.53858947753906,1.5652486376153716,56.358734130859375
100,2.6215789318084717,0.9111259600871364,6.879118919372559
200,0.8256143927574158,0.8377162648020372,5.526584625244141
300,0.596839189529419,0.8682731531118151,5.996448993682861
400,0.47692370414733887,0.7760013723873003,8.421036720275879
500,0.3958410322666168,0.7026231810355945,9.834299087524414
600,0.3404703140258789,0.6957821116469041,6.476820945739746
