iteration,loss,mean_rel_error
1,72.38008117675781,1.6002877259519703
100,2.7866873741149902,0.9109626986538453
200,0.8150149583816528,0.8454478925353079
300,0.5616166591644287,0.8081103429767102
400,0.43572908639907837,0.7705485873858455
500,0.3625165522098541,0.6996959439737256
600,0.315613329410553,0.6753776739883899
