iteration,loss,mean_rel_error
1,71.43415832519531,1.5877580164349685
100,2.8470070362091064,0.9012535956270242
